1,2024-01-19 16:52:24.000000,,"[Kitchener, ON, Canada]",https://cdn.filepicker.io/api/file/FYfQ0q9PRwetfBVUq3eu,Ground News,https://groundnews.bamboohr.com/careers/33,Accounts Payable Coordinator,"[Consumer Products, Content and Publishing, Hardware, Media, Mobile, Platforms, and Apps, Software]",2
2,2024-01-19 13:59:33.000000,,"[Toulouse, France]",https://cdn.filestackcontent.com/N1wLFrJNRDKRsQ7z99Jy,Pictarine,https://www.welcometothejungle.com/fr/companies/pictarine/jobs/financial-controller_toulouse,Financial Controller,"[Content and Publishing, Media]",1
3,2024-01-19 12:40:37.000000,,[Remote],"https://cdn.filestackcontent.com/output=f:webp,t:true,q:80,c:true/cache=expiry:max/resize=w:340/ALzFmCBSquDEn060TLOw",MANTL,https://boards.greenhouse.io/mantl/jobs/7102447002,Sr. Accountant,"[Finance, Lending and Investments]",1
4,2024-01-18 18:38:48.000000,,"[Poznań, Poland]",https://cdn.filestackcontent.com/7a3ngjQKKqp6v233wasw,Cycle,https://cycle.jobs.personio.de/job/1393409?language=en,Accounting Manager with German (f/m/d),[Transportation],1
5,2024-01-18 16:59:17.000000,,"[Barcelona, Spain]",https://cdn.filestackcontent.com/poWVRYtCRdiVkflQfKKg,Preply,https://boards.greenhouse.io/preply/jobs/5862864003,Junior Financial Analyst,"[Education, Software]",1
6,2024-01-18 13:31:45.000000,,"[London, UK]",https://cdn.filestackcontent.com/PglBKFX9Swq1gKSo3JxX,AVENIR TECH LTD,https://join.com/companies/joinavenir/10345661-software-engineer-sustainability-and-finance,Software Engineer - Sustainability & Finance,"[Finance, Lending and Investments, Software, Sustainability]",1
7,2024-01-18 10:22:12.000000,,"[United States, Remote]",https://cdn.filestackcontent.com/R0Iv6QK2TzWPASPjYXEn,Bluecore,https://boards.greenhouse.io/bluecoreinc/jobs/5060573004,Senior Accountant,"[Advertising, Commerce and Shopping, Data and Analytics, DeepTech, Sales and Marketing, Software]",1
8,2024-01-17 17:59:44.000000,,[United States],https://cdn.filestackcontent.com/ztvno5GTuCECUSmw7vEs,Outreach,https://jobs.lever.co/outreach/c1dd42a6-9947-43e6-85bb-6c02ca91f9f5,Senior Payroll Manager,"[Data and Analytics, DeepTech, Information Technology, Sales and Marketing, Software]",1
9,2024-01-17 10:21:55.000000,,"[Austin, TX, USA, Remote, Denver, CO, USA]",https://cdn.filestackcontent.com/IK7WYKAUSA6cromhPrsb,Forecastr,https://www.forecastr.co/careers,Startup Financial Analyst,"[Finance, Software]",1
10,2024-01-15 14:38:22.000000,,"[San Francisco, CA, USA]","https://cdn.filestackcontent.com/output=f:webp,t:true,q:80,c:true/cache=expiry:max/resize=w:340/H7xFZ33QhSiSraYPeJXg",TomoCredit,https://tomocredit.applytojob.com/apply/VmQPiZk79E/Senior-Accountant,Senior Accountant,"[Finance, Lending and Investments]",1
11,2024-01-14 16:45:16.000000,,"[New York, NY, USA]",https://cdn.filestackcontent.com/Gex7E92wTBuZIEZISeFg,Making Space,https://recruiting2.ultipro.com/PEN1022PEKM/JobBoard/6cd1a145-2e14-475a-b78b-4dc9e0c93dae/OpportunityDetail?opportunityId=e087b72d-ea5d-4f0c-ae1a-2aad07a6a65d,"PMC: Senior Accountant, Real Estate Construction",[],1
12,2024-01-14 16:45:15.000000,,"[Los Angeles, CA, USA]",https://cdn.filestackcontent.com/Gex7E92wTBuZIEZISeFg,Making Space,https://recruiting2.ultipro.com/PEN1022PEKM/JobBoard/6cd1a145-2e14-475a-b78b-4dc9e0c93dae/OpportunityDetail?opportunityId=6a8c2e56-05f6-40ee-bf6a-bb6bb8dd93bb,"PMC: Senior Accountant, Real Estate Construction",[],1
13,2024-01-12 16:19:15.000000,,"[New York, USA]",https://cdn.filestackcontent.com/enTCWA4mR22CjPKeRa9q,SoLo Funds,https://solo-funds.breezy.hr/p/c01bad9d09e4-controller,Controller,"[Finance, Lending and Investments]",1
14,2024-01-12 11:12:51.000000,,"[Bangalore Urban, Karnataka, India]",https://cdn.filestackcontent.com/CU0sn2JdTfqiiArQm4qB,NIRA,https://in.linkedin.com/jobs/view/head-of-finance-at-nira-3798626476,Head of Finance,"[Finance, Lending and Investments]",1
15,2024-01-11 18:05:22.000000,,[Remote],https://cdn.filestackcontent.com/SXpt51UqRiSCXVjFl9AE,Slingshot Aerospace,https://boards.greenhouse.io/slingshotaerospace/jobs/5055213004,Financial Planning & Analysis Manager,"[Data and Analytics, DeepTech, Information Technology, Software, Transportation]",1
16,2024-01-11 13:57:48.000000,,[Multiple locations],https://cdn.filestackcontent.com/Ior4I1SXQV2zbB4FvJyP,DataRobot,https://datarobot.wd1.myworkdayjobs.com/DataRobot_External_Careers/job/Remote-UK/Senior-Benefits-Analyst_R-101853,Senior Benefits Analyst,"[Data and Analytics, DeepTech, Information Technology, Software]",1
17,2024-01-11 13:57:46.000000,,[Multiple locations],https://cdn.filestackcontent.com/Ior4I1SXQV2zbB4FvJyP,DataRobot,https://datarobot.wd1.myworkdayjobs.com/DataRobot_External_Careers/job/Boston-Massachusetts-US/Senior-Benefits-Analyst_R-101852,Senior Benefits Analyst,"[Data and Analytics, DeepTech, Information Technology, Software]",1
18,2024-01-11 09:45:17.000000,,"[Broomfield, CO, USA]",https://cdn.filestackcontent.com/m1vAIA8DReWOG2iAOjiC,Vita Inclinata,https://recruiting.paylocity.com/Recruiting/Jobs/Details/2168105,Accounting Manager,"[Construction, DeepTech, Energy, Government and Military, Information Technology, Real Estate, Transportation]",1
19,2024-01-10 15:27:00.000000,,[Remote],https://cdn.filestackcontent.com/h6KWf6MwSTCacpu3cDgi,Kard,https://boards.greenhouse.io/kardfinancialinc/jobs/4356538005,Assistant Controller,"[Advertising, Finance, Sales and Marketing]",1
20,2024-01-10 09:44:32.000000,,[United States],https://cdn.filestackcontent.com/ztvno5GTuCECUSmw7vEs,Outreach,https://jobs.lever.co/outreach/842f0a44-d4bf-41c3-a237-f41d10e54b0a,"Director, GTM Finance","[Data and Analytics, DeepTech, Information Technology, Sales and Marketing, Software]",1
21,2024-01-17 17:47:49.000000,,"[New York, NY, USA]",https://cdn.filestackcontent.com/G9R2OZNlRHCZkFToLE8E,Belong Anywhere Ltd,https://boards.greenhouse.io/bubble/jobs/7098534002,Recruiting Coordinator,"[Administrative Services, HR and Recruiting, Information Technology, Internet Services, Software]",2
22,2024-01-16 15:53:15.000000,,"[Barcelona, Spain]",https://cdn.filestackcontent.com/poWVRYtCRdiVkflQfKKg,Preply,https://boards.greenhouse.io/preply/jobs/5857524003,Localization Project Coordinator (PTBR/KO/JP/TR),"[Education, Software]",2
23,2024-01-15 14:12:21.000000,,[Dubai - United Arab Emirates],https://cdn.filestackcontent.com/PYEVWuv9QGCXjAXPxS7I,HyBird,https://ae.linkedin.com/jobs/view/executive-assistant-at-hybird-3803885520,Executive Assistant,"[Data and Analytics, DeepTech, Finance, Hardware, Information Technology, Software]",2
24,2024-01-10 15:13:50.000000,,[],https://cdn.filestackcontent.com/tXjTVakeSKWyDzaxBEw2,Freight Farms,https://www.freightfarms.com/careers-marketing-coordinator,Marketing Coordinator,"[Agriculture and Farming, Food]",2
25,2024-01-09 18:51:53.000000,,"[Hamburg, Germany]",https://cdn.filestackcontent.com/EbNhoW4lTnW4W7TTVBMX,VOIDS,https://de.linkedin.com/jobs/view/customer-success-manager-at-voids-3801742350,Customer Success Manager,"[Commerce and Shopping, Finance, Information Technology, Software]",2
26,2024-01-08 08:05:49.000000,,"[Lagos, Nigeria]",https://cdn.filestackcontent.com/3VMcKAdFSIaqymHP60YT,Metro Africa Xpress,https://apply.workable.com/max-drive-1/j/A30698AF93,Recovery Manager,"[Administrative Services, Transportation]",2
27,2024-01-08 08:05:28.000000,,"[ilorin, nigeria]",https://cdn.filestackcontent.com/3VMcKAdFSIaqymHP60YT,Metro Africa Xpress,https://apply.workable.com/max-drive-1/j/256E8D0669,Facility/Administrative Officer - Ilorin,"[Administrative Services, Transportation]",2
28,2024-01-08 08:05:20.000000,,"[Lagos, Nigeria]",https://cdn.filestackcontent.com/3VMcKAdFSIaqymHP60YT,Metro Africa Xpress,https://apply.workable.com/max-drive-1/j/6538027C3E,Executive Assistant to CEO,"[Administrative Services, Transportation]",2
29,2024-01-05 17:29:00.000000,,"[Remote, Los Angeles, CA, USA]",https://cdn.filestackcontent.com/2haNstdoTjaJz5TBkAcw,PeakMetrics,https://wellfound.com/company/peakmetricsapp/jobs/2888132-director-of-insights,Director of Insights,"[Data and Analytics, DeepTech, Information Technology, Sales and Marketing, Security, Software]",2
30,2024-01-05 16:11:49.000000,,"[Detroit, MI, USA]",https://cdn.filestackcontent.com/yPowMGelSdCrJEsK6JMq,Airspace Link,https://recruiting.paylocity.com/Recruiting/Jobs/Details/2140539,Executive Assistant,"[Data and Analytics, DeepTech, Government and Military, Hardware, Software, Transportation]",2
31,2024-01-05 12:21:24.000000,,[],https://cdn.filestackcontent.com/pGNFhQt1RaqRIHkOMUDc,Space Products and Innovation GmbH,https://www.spinintech.com/_files/ugd/0ac116_71704d1447d34ded9d9b6738a3b1a1d3.pdf,Administrative Assistant (Italy),"[DeepTech, Manufacturing, Transportation]",2
32,2023-12-23 11:11:14.000000,,"[Paris, France]",https://cdn.filestackcontent.com/Io6SvbCeRzu80KY2I4mJ,Gorgias,https://jobs.ashbyhq.com/gorgias/90277186-bb43-43a8-9c25-03e9c8fbabc4,Events Manager,"[Administrative Services, Commerce and Shopping, Consumer Products, Hardware, Information Technology, Professional Services, Software]",2
33,2023-12-21 09:43:14.000000,,"[Birmingham, AL, USA, Huntsville, AL, USA, Birmingham, UK]",https://cdn.filestackcontent.com/0NbogT7NRqS9Gwu2qZST,Acclinate,https://jobs.gusto.com/postings/acclinate-inc-office-administrator-7f7d60a1-1919-4537-b07b-a152690bbfbe,Office Administrator,"[Biotechnology, DeepTech, Health]",2
34,2023-12-13 14:50:11.000000,,[United States],https://cdn.filestackcontent.com/Eew0twxBR7anEkz6ZzCP,Funnel Leasing,https://funnel-leasing.breezy.hr/p/33672d125888-enterprise-consultant,Enterprise Consultant,"[Information Technology, Internet Services, Real Estate, Sales and Marketing, Software]",2
35,2023-12-11 16:31:42.000000,,"[Nairobi, Kenya]",https://cdn.filestackcontent.com/4Q0QpnmSnKUE5OxfOgjT,Zipline,https://boards.greenhouse.io/flyzipline/jobs/5588245003,Global Quality Manager,"[Administrative Services, Consumer Products, DeepTech, Hardware, Health, Software, Transportation]",2
36,2023-12-11 10:33:19.000000,,"[United States, Remote]",https://cdn.filestackcontent.com/R0Iv6QK2TzWPASPjYXEn,Bluecore,https://boards.greenhouse.io/bluecoreinc/jobs/5020327004,Customer Success Manager,"[Advertising, Commerce and Shopping, Data and Analytics, DeepTech, Sales and Marketing, Software]",2
37,2023-12-08 13:26:02.000000,,"[Austin, TX, USA]",https://cdn.filestackcontent.com/JYXXJkFCQQm6sfS6e6X1,Self,https://boards.greenhouse.io/selffinancial/jobs/5034598004,Senior Administrative Assistant,"[Finance, Internet Services, Lending and Investments]",2
38,2023-12-06 14:28:50.000000,,"[Etna, CA, USA]",https://cdn.filestackcontent.com/JVgsOrJCQViaiEJaTxq3,Mast Reforestation,https://jobs.lever.co/MastReforestation/bd1eebb6-0e2e-4c76-a181-ac6bfbc3a629,Executive Assistant,"[Agriculture and Farming, Community and Lifestyle, Consumer Products, DeepTech, Energy, Finance, Hardware, Lending and Investments, Manufacturing, Software, Sustainability]",2
39,2023-12-06 14:24:37.000000,,"[Southlake, TX, USA]",https://cdn.filepicker.io/api/file/CZQY8qXqRIOH4wJU59zf,RobotLAB,https://cta-redirect.hubspot.com/cta/redirect/314265/7f55c340-0839-4293-a40a-65f917967aac,Customer Success Coordinator,"[Commerce and Shopping, Data and Analytics, DeepTech, Education, Hardware, Software]",2
40,2024-01-19 19:15:36.000000,,[Philippines],https://cdn.filestackcontent.com/iatZutndQ7qsfYxaoGQ9,LawnStarter,https://apply.workable.com/lawnstarter/j/B4C1B46B05,Part Time Customer Support Representative,"[Commerce and Shopping, Construction, Internet Services, Real Estate, Sports]",3
41,2024-01-19 15:28:07.000000,,"[South San Francisco, CA, USA]",https://cdn.filestackcontent.com/4Q0QpnmSnKUE5OxfOgjT,Zipline,https://boards.greenhouse.io/flyzipline/jobs/5862640003,Head of Product Management - Customer Platform,"[Administrative Services, Consumer Products, DeepTech, Hardware, Health, Software, Transportation]",12
42,2024-01-18 20:07:56.000000,,"[Kentucky, USA]",https://cdn.filestackcontent.com/BOPhif3QeuqPYMnnd0l5,Aline,https://www.indeed.com/viewjob?jk=550d80a058385ce8,Call Center Manager,"[Legal, Professional Services, Software]",3
43,2024-01-18 17:57:10.000000,,"[Seattle, WA, USA]",https://cdn.filestackcontent.com/ye63p3p7QkWdsI29tCfr,SpotHero,https://spothero.com/careers/5628260,Client Relationship Specialist,"[Commerce and Shopping, Mobile, Platforms, and Apps, Software, Transportation]",9
44,2024-01-18 16:13:53.000000,,"[London, UK]",https://cdn.filestackcontent.com/ztvno5GTuCECUSmw7vEs,Outreach,https://jobs.lever.co/outreach/5fe6b698-5c4f-44d5-8d61-00872888951b,"Customer Success Manager (EMEA) - London, UK","[Data and Analytics, DeepTech, Information Technology, Sales and Marketing, Software]",14
45,2024-01-18 14:29:47.000000,,"[Brussels, Belgium]",https://cdn.filestackcontent.com/ZtJfKhlaS7OKqlNrmKBI,Oper Credits,https://join.com/companies/oper/10346884-customer-support-advisor,Customer Support Advisor,"[Finance, Lending and Investments, Software]",3
46,2024-01-17 21:32:34.000000,,[Philippines],https://cdn.filestackcontent.com/iatZutndQ7qsfYxaoGQ9,LawnStarter,https://apply.workable.com/lawnstarter/j/3668A66D4A,Customer Support Representative,"[Commerce and Shopping, Construction, Internet Services, Real Estate, Sports]",3
47,2024-01-17 17:47:01.000000,,"[Anaheim, CA, USA]",https://cdn.filestackcontent.com/kfLGjR2IRvy25y5E8rkR,lovepop,https://www.indeed.com/viewjob?jk=fb087081154376fb,Part Time Key Holder,"[Commerce and Shopping, Consumer Products, Finance, Hardware, Software]",3
48,2024-01-17 13:33:35.000000,,[India],https://cdn.filestackcontent.com/NNpc1GyhS9yrUIYbjWK6,Degreed,https://boards.greenhouse.io/degreed/jobs/5049901004,Client Success Manager - India Remote,"[Education, HR and Recruiting, Software]",3
49,2024-01-17 13:33:33.000000,,[Australia],https://cdn.filestackcontent.com/NNpc1GyhS9yrUIYbjWK6,Degreed,https://boards.greenhouse.io/degreed/jobs/5060050004,Client Success Manager - Australia Remote,"[Education, HR and Recruiting, Software]",3
50,2024-01-17 11:41:27.000000,,"[Brazil, Mexico, Chile, Philippines, Remote, Peru, Ecuador, South America]","https://cdn.filestackcontent.com/output=f:webp,t:true,q:80,c:true/cache=expiry:max/resize=w:340/sxEexwAvTwui5WPmlrQp",GroupRaise,https://wellfound.com/company/groupraise-com/jobs/2898253-customer-success-lead-for-social-impact-startup-in-food-industry,Customer Success Lead for social impact startup in food industry,"[Community and Lifestyle, Food]",14
75,2024-01-02 02:12:03.000000,,"[Palo Alto, CA, USA, San Francisco, CA, USA, Remote, New York, NY, USA]",https://cdn.filestackcontent.com/1DnXsNR4S321Ym440Bxj,aVenture,https://jobs.techstars.com/companies/aventure/jobs/32818242-founding-engineer,Founding Engineer,[],15
51,2024-01-17 09:32:02.000000,,[Philippines],https://cdn.filestackcontent.com/aILd2T7KQXKMajHBNTCr,INSPECTORIO,https://apply.workable.com/inspectorio/j/582666E108,Customer Success Associate,"[Commerce and Shopping, Consumer Products, Information Technology, Manufacturing, Professional Services, Software, Sustainability, Transportation]",14
52,2024-01-17 09:32:01.000000,,[Vietnam],https://cdn.filestackcontent.com/aILd2T7KQXKMajHBNTCr,INSPECTORIO,https://apply.workable.com/inspectorio/j/9AD3C3207F,Customer Success Associate,"[Commerce and Shopping, Consumer Products, Information Technology, Manufacturing, Professional Services, Software, Sustainability, Transportation]",14
53,2024-01-16 15:43:59.000000,,"[Sydney, NSW, Australia]",https://cdn.filestackcontent.com/4KjRkJHSvCkOk27V90TF,Carma,https://jobs.lever.co/carma/392365fb-d463-40af-bc1d-3a2a4448fbec,Customer Service Specialist,"[Commerce and Shopping, Finance, Transportation]",3
54,2024-01-13 15:40:37.000000,,"[New York, NY, USA]",https://cdn.filestackcontent.com/G9R2OZNlRHCZkFToLE8E,Belong Anywhere Ltd,https://boards.greenhouse.io/bubble/jobs/7095572002,Technical Product Support Specialist - New Grad 2024,"[Administrative Services, HR and Recruiting, Information Technology, Internet Services, Software]",12
55,2024-01-13 15:40:36.000000,,"[New York, NY, USA]",https://cdn.filestackcontent.com/G9R2OZNlRHCZkFToLE8E,Belong Anywhere Ltd,https://boards.greenhouse.io/bubble/jobs/7095563002,Technical Product Support Specialist - New Grad 2023,"[Administrative Services, HR and Recruiting, Information Technology, Internet Services, Software]",12
56,2024-01-11 16:58:33.000000,,"[Fort Worth, TX, USA, Dallas, TX, USA]",https://cdn.filestackcontent.com/4Q0QpnmSnKUE5OxfOgjT,Zipline,https://boards.greenhouse.io/flyzipline/jobs/5855122003,Customer Support Manager,"[Administrative Services, Consumer Products, DeepTech, Hardware, Health, Software, Transportation]",3
57,2024-01-11 15:01:57.000000,,"[Mexico City, Mexico]",https://cdn.filestackcontent.com/1MJB5dHQQZWYHEpMHVew,Cinchy,https://wellfound.com/company/cinchy/jobs/2892445-technical-support-specialist-mexico,Technical Support Specialist - Mexico,"[Data and Analytics, Information Technology, Software]",6
58,2024-01-11 15:01:56.000000,,"[San Jose, CA, USA]",https://cdn.filestackcontent.com/1MJB5dHQQZWYHEpMHVew,Cinchy,https://wellfound.com/company/cinchy/jobs/2892444-technical-support-specialist-costa-rica,Technical Support Specialist - Costa Rica,"[Data and Analytics, Information Technology, Software]",6
59,2024-01-11 15:01:56.000000,,"[Medellin, Antioquia, Colombia]",https://cdn.filestackcontent.com/1MJB5dHQQZWYHEpMHVew,Cinchy,https://wellfound.com/company/cinchy/jobs/2892446-technical-support-specialist-colombia,Technical Support Specialist - Colombia,"[Data and Analytics, Information Technology, Software]",6
60,2024-01-19 16:52:23.000000,,"[Kitchener, ON, Canada]",https://cdn.filepicker.io/api/file/FYfQ0q9PRwetfBVUq3eu,Ground News,https://groundnews.bamboohr.com/careers/32,Data Engineer,"[Consumer Products, Content and Publishing, Hardware, Media, Mobile, Platforms, and Apps, Software]",15
61,2024-01-15 14:51:26.000000,,"[Hobart, Australia]",https://cdn.filestackcontent.com/QVTkWuEtQ829o413ktv0,Mona,https://mona.applynow.net.au/jobs/MONA592-data-modeller,Data Modeller,"[Events, Media, Travel and Tourism]",4
62,2024-01-11 16:33:56.000000,,"[New York, USA]",https://cdn.filestackcontent.com/Rf2WKGERQkaOPz0QuMbu,DataCamp,https://boards.greenhouse.io/datacamp/jobs/5615954,Data Science Writer,"[Data and Analytics, Education]",8
63,2024-01-11 16:33:56.000000,,[United Kingdom],https://cdn.filestackcontent.com/Rf2WKGERQkaOPz0QuMbu,DataCamp,https://boards.greenhouse.io/datacamp/jobs/5607107,Data Science Writer,"[Data and Analytics, Education]",8
64,2024-01-11 15:37:21.000000,,"[Nova Scotia, Canada]",https://cdn.filestackcontent.com/kelDLe4yS6KiYbrP9v6w,Milk Moovement,https://jobs.lever.co/milk-moovement/5b69f741-cd69-4fe0-9deb-76a8efa818a0,Data Engineer II (Remote Canada),"[Agriculture and Farming, Food, Information Technology, Internet Services, Software, Transportation]",4
65,2024-01-11 13:28:19.000000,,"[Canada, Remote]",https://cdn.filestackcontent.com/wJ26vz8TOmtnzbYbEiyu,Bench,https://boards.greenhouse.io/bench/jobs/5613093,"Senior Manager, Analytics - 12-18 Month Contract","[Finance, Professional Services]",4
66,2024-01-10 13:19:08.000000,,"[Ireland, France, Italy, Spain, Brazil, Poland, Netherlands, Germany, Argentina, Romania, Czechia, Russia, Hungary, Lithuania, Belgium, Portugal, Bulgaria, Greece, Slovakia, United Kingdom]",https://cdn.filestackcontent.com/vJVcOPluSjeFw3GkmDJc,telnyx,https://boards.greenhouse.io/telnyx54/jobs/5849201003,Machine Learning Engineer - AI Pipeline (LATM / EMEA - Remote),"[Hardware, Information Technology, Internet Services, Software, Telecommunication]",15
67,2024-01-09 16:46:31.000000,,"[Indianapolis, IN, USA]",https://cdn.filestackcontent.com/E4zy52kPQcyND4AyvcRx,ConverSight.ai,https://www.linkedin.com/jobs/view/data-analyst-at-conversight-3801963109,Data Analyst,"[Data and Analytics, DeepTech, Information Technology, Software]",6
68,2024-01-09 15:53:49.000000,,"[San Francisco, CA, USA]","https://cdn.filestackcontent.com/output=f:webp,t:true,q:80,c:true/cache=expiry:max/resize=w:340/H7xFZ33QhSiSraYPeJXg",TomoCredit,https://tomocredit.applytojob.com/apply/blujYplZHj/Senior-Data-Engineer,Senior Data Engineer,"[Finance, Lending and Investments]",4
69,2024-01-08 15:49:11.000000,,"[Bengaluru, Karnataka, India, Gurugram, Haryana, India]",https://cdn.filestackcontent.com/cPTrJIa4RueTzg8T1y8d,Novo,https://boards.greenhouse.io/novo/jobs/5011130004,Data Scientist,"[Finance, Lending and Investments]",4
70,2024-01-06 17:38:30.000000,,"[United States, Canada, Mexico, Remote, Seattle, WA, USA]",https://cdn.filestackcontent.com/WWCbiofoSgysOruKaw5a,Spiral,https://wellfound.com/company/spiral-technologies/jobs/2888589-senior-software-engineer-ai-ml,‍Senior Software Engineer - AI/ML,"[Administrative Services, Data and Analytics, DeepTech, Information Technology, Professional Services, Software]",15
71,2024-01-06 12:25:12.000000,,"[Porto, Portugal]",https://cdn.filestackcontent.com/hoBlTmYRhGDYSGDy4iHw,Lovys,https://pt.linkedin.com/jobs/view/senior-data-engineer-hybrid-at-lovys-3795152095,Senior Data Engineer (hybrid),[Finance],4
72,2024-01-05 15:17:15.000000,,[Remote],https://cdn.filestackcontent.com/Av6T34Z1Ry4O2hXvIlK6,Testlio,https://testlio.com/job/software-qa-tester-functional-and-analytics-testing/,Software QA Tester (functional and analytics testing),"[Data and Analytics, Information Technology, Mobile, Platforms, and Apps, Software]",4
73,2024-01-03 18:02:19.000000,,"[San Diego, CA, USA]",https://cdn.filestackcontent.com/Sa7cw8iWR8WDnP4utOrF,Virgo,https://apply.workable.com/virgo-surgical-video-solutions/j/368E943B7F,Senior AI Researcher (PhD required),"[Data and Analytics, DeepTech, Hardware, Health, HR and Recruiting, Media, Professional Services, Software]",15
74,2024-01-03 14:33:13.000000,,[Remote],https://cdn.filestackcontent.com/Av6T34Z1Ry4O2hXvIlK6,Testlio,https://testlio.com/job/software-qa-analyst-2/,Software QA Analyst (functional & analytics testing),"[Data and Analytics, Information Technology, Mobile, Platforms, and Apps, Software]",6
76,2024-01-02 02:08:25.000000,,"[Palo Alto, CA, USA, San Francisco, CA, USA, Remote, New York, NY, USA]",https://cdn.filestackcontent.com/1DnXsNR4S321Ym440Bxj,aVenture,https://jobs.techstars.com/companies/aventure/jobs/32818240-founding-head-of-vc-research,Founding Head of VC Research,[],1
77,2023-12-28 12:35:29.000000,,"[Prague, Czechia]",https://cdn.filestackcontent.com/kr1VPpq0RvKLyOk6MPjG,flowpay.io,https://www.startupjobs.cz/nabidka/71329/data-ml-engineer-for-fintech-startup-techstars-company,Data/ML Engineer for Fintech Startup,"[Finance, Software]",15
78,2023-12-25 04:25:30.000000,,"[San Francisco, CA, USA]",https://cdn.filestackcontent.com/HFOCku5cQ5SRpiTU3jFo,musiqmesh,https://www.musiqmesh.com/careers/product-data-analyst,Product Data Analyst,"[Media, Music]",12
79,2023-12-22 18:40:31.000000,,"[Barcelona, Spain]",https://cdn.filestackcontent.com/poWVRYtCRdiVkflQfKKg,Preply,https://boards.greenhouse.io/preply/jobs/5836305003,Data Scientist - Insights (Customer Support),"[Education, Software]",4
80,2024-01-18 19:42:16.000000,,"[Ethiopia, Addis Ababa, Ethiopia]",https://cdn.filestackcontent.com/rqW40sTsT6WpJ1T4p4nv,Hulugram,https://et.linkedin.com/jobs/view/ui-ux-and-graphics-designer-at-hulugram-3774485050,UI/UX and Graphics Designer,"[Community and Lifestyle, Information Technology, Mobile, Platforms, and Apps, Software]",5
81,2024-01-18 18:13:41.000000,,"[San Francisco, CA, USA]",https://cdn.filestackcontent.com/k6fiMbuQZOxlNcqsOEGW,Twelve Labs,https://jobs.lever.co/twelvelabs/b0fff971-4308-4a68-a9f0-a854f5c09311,Lead Product Designer,"[Information Technology, Media, Software]",12
82,2024-01-18 15:31:48.000000,,"[Seoul, South Korea]",https://cdn.filestackcontent.com/6JHNgIeIQvSfMV72NmoD,Sendbird,https://boards.greenhouse.io/sendbird/jobs/7089844002,Brand designer (Web Designer),"[Information Technology, Internet Services, Mobile, Platforms, and Apps, Software, Telecommunication]",5
83,2024-01-18 13:51:20.000000,,"[New York, NY, USA]",https://cdn.filestackcontent.com/Io6SvbCeRzu80KY2I4mJ,Gorgias,https://jobs.ashbyhq.com/gorgias/7d1556f6-7a12-4e08-b826-2957fa504a70,"Staff Product Designer, Automate","[Administrative Services, Commerce and Shopping, Consumer Products, Hardware, Information Technology, Professional Services, Software]",12
84,2024-01-18 09:53:47.000000,,"[Bengaluru, Karnataka, India]",https://cdn.filepicker.io/api/file/yO0YY1nURba4adDvjqAj,Pixxel,https://pixxel.bamboohr.com/careers/156,UI/UX Designer,"[Data and Analytics, DeepTech, Hardware, Information Technology, Transportation]",5
85,2024-01-17 17:47:49.000000,,"[New York, NY, USA]",https://cdn.filestackcontent.com/G9R2OZNlRHCZkFToLE8E,Belong Anywhere Ltd,https://boards.greenhouse.io/bubble/jobs/7097812002,Digital Designer,"[Administrative Services, HR and Recruiting, Information Technology, Internet Services, Software]",5
86,2024-01-17 13:40:04.000000,,"[St. Albert, AB, Canada]",https://cdn.filestackcontent.com/1q0Ip3NT5SOTrVoQXWXC,DiveThru,https://www.indeed.com/viewjob?jk=4a77037e52e74269,Registered Social Worker (MSW w/ Clinical Designation),"[Health, Media, Mobile, Platforms, and Apps, Software]",5
87,2024-01-16 14:17:53.000000,,[Remote],https://cdn.filestackcontent.com/P4jGmR1iRvinlKSiWdCG,BachPlace,https://jobs.techstars.com/companies/bachplace/jobs/33213766-ui-ux-designer,UI/UX Designer,"[Events, Information Technology]",5
88,2024-01-16 06:27:43.000000,,"[New York, NY, USA]",https://cdn.filestackcontent.com/nriyEDiFSlue1jMZ7YT3,Notedsource,https://wellfound.com/company/notedsource/jobs/2896762-content-creator-edtech,Content Creator - Edtech,"[Data and Analytics, DeepTech, Education, Software]",5
89,2024-01-14 16:45:13.000000,,"[New York, NY, USA]",https://cdn.filestackcontent.com/Gex7E92wTBuZIEZISeFg,Making Space,https://recruiting2.ultipro.com/PEN1022PEKM/JobBoard/6cd1a145-2e14-475a-b78b-4dc9e0c93dae/OpportunityDetail?opportunityId=03389396-814a-4817-aea2-1a89e0a2102e,She Media: Designer,[],8
90,2024-01-14 16:45:08.000000,,"[New York, NY, USA]",https://cdn.filestackcontent.com/Gex7E92wTBuZIEZISeFg,Making Space,https://recruiting2.ultipro.com/PEN1022PEKM/JobBoard/6cd1a145-2e14-475a-b78b-4dc9e0c93dae/OpportunityDetail?opportunityId=8392ed29-868f-4836-a138-ad9b9fd90d08,She Media:  Part-Time Senior Design Manager,[],8
91,2024-01-13 14:02:45.000000,,"[South San Francisco, CA, USA]",https://cdn.filestackcontent.com/4Q0QpnmSnKUE5OxfOgjT,Zipline,https://boards.greenhouse.io/flyzipline/jobs/5847346003,Interactive Designer,"[Administrative Services, Consumer Products, DeepTech, Hardware, Health, Software, Transportation]",5
92,2024-01-12 13:34:59.000000,,"[Toulouse, France]",https://cdn.filestackcontent.com/N1wLFrJNRDKRsQ7z99Jy,Pictarine,https://www.welcometothejungle.com/fr/companies/pictarine/jobs/senior-product-designer_toulouse,Senior Product Designer,"[Content and Publishing, Media]",12
93,2024-01-12 13:34:58.000000,,"[Toulouse, France]",https://cdn.filestackcontent.com/N1wLFrJNRDKRsQ7z99Jy,Pictarine,https://www.welcometothejungle.com/fr/companies/pictarine/jobs/designer-graphique-360_toulouse_PICTA_jmZgLxz,Designer Graphique 360,"[Content and Publishing, Media]",5
94,2024-01-12 08:14:24.000000,,[],"https://cdn.filestackcontent.com/output=f:webp,t:true,q:80,c:true/cache=expiry:max/resize=w:340/aVTXqExdS8mYdMxJ3nzg",PierSight Space,https://piersight.zohorecruit.in/jobs/Careers/92356000000266795/FPGA-Design-Engineer?source=CareerSite,FPGA Design Engineer,"[Information Technology, Software, Transportation]",15
95,2024-01-12 08:14:23.000000,,"[India, Bengaluru, Karnataka, India, Karnataka, India]","https://cdn.filestackcontent.com/output=f:webp,t:true,q:80,c:true/cache=expiry:max/resize=w:340/aVTXqExdS8mYdMxJ3nzg",PierSight Space,https://piersight.zohorecruit.in/jobs/Careers/92356000000406052/Thermal-Design-Engineer?source=CareerSite,Thermal Design Engineer,"[Information Technology, Software, Transportation]",5
96,2024-01-12 08:14:23.000000,,[],"https://cdn.filestackcontent.com/output=f:webp,t:true,q:80,c:true/cache=expiry:max/resize=w:340/aVTXqExdS8mYdMxJ3nzg",PierSight Space,https://piersight.zohorecruit.in/jobs/Careers/92356000000409194/SAR-System-Design-Engineer---Signal-Processing?source=CareerSite,SAR System Design Engineer - Signal Processing,"[Information Technology, Software, Transportation]",5
97,2024-01-12 08:14:22.000000,,[],"https://cdn.filestackcontent.com/output=f:webp,t:true,q:80,c:true/cache=expiry:max/resize=w:340/aVTXqExdS8mYdMxJ3nzg",PierSight Space,https://piersight.zohorecruit.in/jobs/Careers/92356000000406024/Mechanical-Design-Engineer-Intern?source=CareerSite,Mechanical Design Engineer Intern,"[Information Technology, Software, Transportation]",5
98,2024-01-12 08:14:21.000000,,[],"https://cdn.filestackcontent.com/output=f:webp,t:true,q:80,c:true/cache=expiry:max/resize=w:340/aVTXqExdS8mYdMxJ3nzg",PierSight Space,https://piersight.zohorecruit.in/jobs/Careers/92356000000409138/FPGA-Design-Engineer-Intern?source=CareerSite,FPGA Design Engineer Intern,"[Information Technology, Software, Transportation]",5
99,2024-01-12 08:14:20.000000,,[],"https://cdn.filestackcontent.com/output=f:webp,t:true,q:80,c:true/cache=expiry:max/resize=w:340/aVTXqExdS8mYdMxJ3nzg",PierSight Space,https://piersight.zohorecruit.in/jobs/Careers/92356000000409216/SAR-System-Design-Engineer-Intern?source=CareerSite,SAR System Design Engineer Intern,"[Information Technology, Software, Transportation]",5
100,2024-01-19 16:48:59.000000,,"[Remote, Los Angeles, CA, USA]",https://cdn.filestackcontent.com/2haNstdoTjaJz5TBkAcw,PeakMetrics,https://wellfound.com/company/peakmetricsapp/jobs/2900589-senior-intelligence-analyst,Senior Intelligence Analyst,"[Data and Analytics, DeepTech, Information Technology, Sales and Marketing, Security, Software]",6
101,2024-01-19 16:18:56.000000,,"[Seoul, South Korea]",https://cdn.filestackcontent.com/6JHNgIeIQvSfMV72NmoD,Sendbird,https://boards.greenhouse.io/sendbird/jobs/7091677002,Solutions Architect (Pre and Post Sales),"[Information Technology, Internet Services, Mobile, Platforms, and Apps, Software, Telecommunication]",6
102,2024-01-19 10:17:12.000000,,[],https://cdn.filestackcontent.com/luFMcJIBRAGvwF3ikLYl,VanHack,https://vanhack.com/job/9033,Solutions Architect (Latam),"[HR and Recruiting, Information Technology, Internet Services, Professional Services, Software]",6
103,2024-01-18 16:59:18.000000,,"[Barcelona, Spain]",https://cdn.filestackcontent.com/poWVRYtCRdiVkflQfKKg,Preply,https://boards.greenhouse.io/preply/jobs/5863239003,Senior Corporate IT Engineer,"[Education, Software]",6
104,2024-01-18 15:51:33.000000,,"[Canada, Remote]",https://cdn.filestackcontent.com/wJ26vz8TOmtnzbYbEiyu,Bench,https://boards.greenhouse.io/bench/jobs/5626424,Revenue Analyst,"[Finance, Professional Services]",6
105,2024-01-18 15:51:33.000000,,"[Canada, Remote]",https://cdn.filestackcontent.com/wJ26vz8TOmtnzbYbEiyu,Bench,https://boards.greenhouse.io/bench/jobs/5624914,Data Architect,"[Finance, Professional Services]",6
106,2024-01-18 13:33:23.000000,,"[Paris, France]",https://cdn.filestackcontent.com/GtZSbzlqREm7Y8Bu9Xia,illuminem,https://fr.linkedin.com/jobs/view/media-analyst-at-illuminem-3804614700,Media Analyst,"[Content and Publishing, Energy, Information Technology, Media, Sustainability]",8
107,2024-01-18 10:22:11.000000,,"[United States, Remote]",https://cdn.filestackcontent.com/R0Iv6QK2TzWPASPjYXEn,Bluecore,https://boards.greenhouse.io/bluecoreinc/jobs/5060793004,Product Analyst,"[Advertising, Commerce and Shopping, Data and Analytics, DeepTech, Sales and Marketing, Software]",12
108,2024-01-17 19:25:18.000000,,"[Boston, MA, USA]",https://cdn.filestackcontent.com/pIDsiokRDagyzQF0vTUa,Bevi,https://apply.workable.com/bevicareers/j/BE0E88868E,Billing & Revenue Analyst,"[Food, Hardware, Internet Services, Sustainability]",6
109,2024-01-16 16:28:58.000000,,[Remote],https://cdn.filestackcontent.com/OXCW1JyrTYaiftZ6SKVg,Openly,https://boards.greenhouse.io/openly/jobs/4357669005,"Insurance Product Analyst (Remote, US)",[Finance],12
110,2024-01-15 21:01:26.000000,,"[Lagos, Nigeria]",https://cdn.filestackcontent.com/bMrRbi5cSZWZ9aVonp9Z,Korapay Technologies,https://apply.workable.com/koracareers/j/D20D91AD69,Cybersecurity Governance & Risk Analyst,[Finance],6
111,2024-01-14 16:45:09.000000,,"[Los Angeles, CA, USA]",https://cdn.filestackcontent.com/Gex7E92wTBuZIEZISeFg,Making Space,https://recruiting2.ultipro.com/PEN1022PEKM/JobBoard/6cd1a145-2e14-475a-b78b-4dc9e0c93dae/OpportunityDetail?opportunityId=041d792d-4763-4650-ae49-738aed460bf8,Variety: Senior Entertainment Technology Editor,[],6
112,2024-01-14 16:45:08.000000,,"[Los Angeles, CA, USA]",https://cdn.filestackcontent.com/Gex7E92wTBuZIEZISeFg,Making Space,https://recruiting2.ultipro.com/PEN1022PEKM/JobBoard/6cd1a145-2e14-475a-b78b-4dc9e0c93dae/OpportunityDetail?opportunityId=c6dc4893-5dd9-411c-bc4d-0d4866eff2cf,Variety: Senior Gaming Analyst,[],6
113,2024-01-13 16:34:08.000000,,"[Vancouver, BC, Canada]",https://cdn.filestackcontent.com/wJ26vz8TOmtnzbYbEiyu,Bench,https://boards.greenhouse.io/bench/jobs/5619019,Lead Development Representative,"[Finance, Professional Services]",6
114,2024-01-13 10:03:37.000000,,"[Amsterdam, Netherlands]",https://cdn.filestackcontent.com/7a3ngjQKKqp6v233wasw,Cycle,https://cycle.jobs.personio.de/job/1386065?language=en,"Country Manager NL, PL, IT (m/w/d)",[Transportation],6
115,2024-01-12 11:51:46.000000,,"[Madrid, Spain, Remote]",https://cdn.filestackcontent.com/r2JWRnWSxafeSK2Wc9Ga,Synack,https://boards.greenhouse.io/synack/jobs/5605237,Technical Account Manager (Penetration Testing),"[Data and Analytics, DeepTech, Information Technology, Security, Software]",6
116,2024-01-18 14:29:48.000000,,[Remote],https://cdn.filestackcontent.com/ZtJfKhlaS7OKqlNrmKBI,Oper Credits,https://join.com/companies/oper/10340652-general-counsel-b2b-saas-50-80,General Counsel - B2B SaaS (50%-80%),"[Finance, Lending and Investments, Software]",7
117,2024-01-09 18:57:17.000000,,[Remote],https://cdn.filestackcontent.com/Z6BAeDHjSRaIepZ5IQue,LogicGate,https://boards.greenhouse.io/logicgate/jobs/4355971005,Corporate Counsel,"[Information Technology, Legal, Professional Services, Security, Software]",7
118,2024-01-09 10:03:26.000000,,"[South San Francisco, CA, USA]",https://cdn.filestackcontent.com/4Q0QpnmSnKUE5OxfOgjT,Zipline,https://boards.greenhouse.io/flyzipline/jobs/5852739003,Transactions Counsel,"[Administrative Services, Consumer Products, DeepTech, Hardware, Health, Software, Transportation]",7
119,2024-01-08 08:04:59.000000,,"[Lekki, Nigeria]",https://cdn.filestackcontent.com/3VMcKAdFSIaqymHP60YT,Metro Africa Xpress,https://apply.workable.com/max-drive-1/j/7073B1A4C8,Legal Counsel (Manager),"[Administrative Services, Transportation]",7
120,2024-01-08 08:04:52.000000,,"[Cameroon, douala, cameroon]",https://cdn.filestackcontent.com/3VMcKAdFSIaqymHP60YT,Metro Africa Xpress,https://apply.workable.com/max-drive-1/j/8C76A896F5,Internal Control and Compliance Lead,"[Administrative Services, Transportation]",7
121,2024-01-03 15:17:25.000000,,"[London, UK]",https://cdn.filestackcontent.com/ElbtewC6RiyESv7IVY4t,Cutover,https://boards.greenhouse.io/cutover/jobs/5846955003,Legal Administrator,"[Data and Analytics, Design, Information Technology, Software]",7
122,2023-12-21 13:47:20.000000,,"[Bengaluru, Karnataka, India]",https://cdn.filepicker.io/api/file/yO0YY1nURba4adDvjqAj,Pixxel,https://pixxel.bamboohr.com/careers/153,AM- Finance & Compliance,"[Data and Analytics, DeepTech, Hardware, Information Technology, Transportation]",1
123,2023-12-18 11:33:18.000000,,"[Gurugram, Haryana, India]",https://cdn.filestackcontent.com/cPTrJIa4RueTzg8T1y8d,Novo,https://boards.greenhouse.io/novo/jobs/5041140004,Compliance Senior Process Lead,"[Finance, Lending and Investments]",7
124,2023-12-12 16:32:40.000000,,"[Columbia, MD, USA]",https://cdn.filestackcontent.com/zaCwZPIzSLmaIwA5VpSc,Youme Healthcare,https://boards.greenhouse.io/youmehealthcare/jobs/4349118005,Remote Licensed Clinical Professional Counselor - LCPC - Part-Time,[Health],7
125,2023-12-12 16:32:40.000000,,"[Prince George's County, MD, USA, Bowie, MD, USA]",https://cdn.filestackcontent.com/zaCwZPIzSLmaIwA5VpSc,Youme Healthcare,https://boards.greenhouse.io/youmehealthcare/jobs/4349121005,Remote Licensed Clinical Professional Counselor - LCPC - Part-Time,[Health],7
126,2023-12-12 16:32:40.000000,,"[Montgomery County, MD, USA]",https://cdn.filestackcontent.com/zaCwZPIzSLmaIwA5VpSc,Youme Healthcare,https://boards.greenhouse.io/youmehealthcare/jobs/4349120005,Remote Licensed Clinical Professional Counselor - LCPC - Part-Time,[Health],7
127,2023-12-12 16:32:40.000000,,"[Montgomery County, MD, USA]",https://cdn.filestackcontent.com/zaCwZPIzSLmaIwA5VpSc,Youme Healthcare,https://boards.greenhouse.io/youmehealthcare/jobs/4349119005,Remote Licensed Clinical Professional Counselor - LCPC - Part-Time,[Health],7
128,2023-12-12 16:32:32.000000,,"[Washington County, MD, USA]",https://cdn.filestackcontent.com/zaCwZPIzSLmaIwA5VpSc,Youme Healthcare,https://boards.greenhouse.io/youmehealthcare/jobs/4342857005,License Graduate Professional Counselor,[Health],7
129,2023-12-12 16:32:31.000000,,"[Easton, MD, USA]",https://cdn.filestackcontent.com/zaCwZPIzSLmaIwA5VpSc,Youme Healthcare,https://boards.greenhouse.io/youmehealthcare/jobs/4342855005,License Graduate Professional Counselor,[Health],7
130,2023-12-12 16:32:30.000000,,"[Lexington Park, MD, USA]",https://cdn.filestackcontent.com/zaCwZPIzSLmaIwA5VpSc,Youme Healthcare,https://boards.greenhouse.io/youmehealthcare/jobs/4342854005,License Graduate Professional Counselor,[Health],7
131,2023-12-12 16:32:29.000000,,"[Pennsylvania, USA, Prince George's County, MD, USA]",https://cdn.filestackcontent.com/zaCwZPIzSLmaIwA5VpSc,Youme Healthcare,https://boards.greenhouse.io/youmehealthcare/jobs/4342853005,License Graduate Professional Counselor,[Health],7
132,2023-12-12 16:32:29.000000,,"[Prince George's County, MD, USA, Bowie, MD, USA]",https://cdn.filestackcontent.com/zaCwZPIzSLmaIwA5VpSc,Youme Healthcare,https://boards.greenhouse.io/youmehealthcare/jobs/4342852005,License Graduate Professional Counselor,[Health],7
133,2023-12-12 16:32:29.000000,,"[Montgomery County, MD, USA]",https://cdn.filestackcontent.com/zaCwZPIzSLmaIwA5VpSc,Youme Healthcare,https://boards.greenhouse.io/youmehealthcare/jobs/4342851005,License Graduate Professional Counselor,[Health],7
134,2023-12-12 16:32:28.000000,,"[Montgomery County, MD, USA]",https://cdn.filestackcontent.com/zaCwZPIzSLmaIwA5VpSc,Youme Healthcare,https://boards.greenhouse.io/youmehealthcare/jobs/4342850005,License Graduate Professional Counselor,[Health],7
135,2023-12-12 16:32:28.000000,,"[Montgomery County, MD, USA]",https://cdn.filestackcontent.com/zaCwZPIzSLmaIwA5VpSc,Youme Healthcare,https://boards.greenhouse.io/youmehealthcare/jobs/4342849005,License Graduate Professional Counselor,[Health],7
136,2024-01-19 16:52:24.000000,,"[Kitchener, ON, Canada]",https://cdn.filepicker.io/api/file/FYfQ0q9PRwetfBVUq3eu,Ground News,https://groundnews.bamboohr.com/careers/34,Influencer Marketing Manager,"[Consumer Products, Content and Publishing, Hardware, Media, Mobile, Platforms, and Apps, Software]",8
137,2024-01-19 16:50:56.000000,,"[Belgrade, Serbia]",https://cdn.filestackcontent.com/Io6SvbCeRzu80KY2I4mJ,Gorgias,https://jobs.ashbyhq.com/gorgias/ba71be7e-6799-46db-9a60-bad85eb2d0b9,Marketing Webflow Developer,"[Administrative Services, Commerce and Shopping, Consumer Products, Hardware, Information Technology, Professional Services, Software]",8
138,2024-01-19 16:50:55.000000,,"[Paris, France]",https://cdn.filestackcontent.com/Io6SvbCeRzu80KY2I4mJ,Gorgias,https://jobs.ashbyhq.com/gorgias/f04ee4d2-6964-4fdb-8e46-76b552208b7e,Marketing Webflow Developer,"[Administrative Services, Commerce and Shopping, Consumer Products, Hardware, Information Technology, Professional Services, Software]",8
139,2024-01-19 16:40:24.000000,,"[Charlotte, NC, USA]",https://cdn.filestackcontent.com/XLdwPtcQT0uFQDhg9POO,Denim,https://boards.greenhouse.io/denim/jobs/5061366004,Head of Marketing (Remote),"[Finance, Information Technology, Transportation]",8
140,2024-01-19 05:44:47.000000,,"[Los Angeles, CA, USA]",https://cdn.filestackcontent.com/Gex7E92wTBuZIEZISeFg,Making Space,https://recruiting2.ultipro.com/PEN1022PEKM/JobBoard/6cd1a145-2e14-475a-b78b-4dc9e0c93dae/OpportunityDetail?opportunityId=c1cd9894-4399-4606-aa83-b70fc088b166,"Variety: Marketing Associate, Talent & Programming",[],8
141,2024-01-18 19:57:32.000000,,"[Austin, TX, USA]",https://cdn.filestackcontent.com/piFRIxiSqakECxinhYAt,Wolf,https://www.linkedin.com/jobs/view/senior-marketing-manager-for-b2b-saas-at-wolf-xyz-3809252676,Senior Marketing Manager for B2B SaaS,[],8
142,2024-01-18 16:52:03.000000,,[Remote],https://cdn.filestackcontent.com/1q6AtlJTgOhsOupgpMpJ,The Helper Bees,https://www.indeed.com/viewjob?jk=9846613b190de886,Senior Marketing Specialist,"[Finance, Health]",8
143,2024-01-18 14:59:30.000000,,"[Austin, TX, USA]",https://cdn.filestackcontent.com/wra3PNKSQuI13OJqWx6h,Sirius Education,https://www.linkedin.com/jobs/view/director-of-marketing-at-sirius-education-solutions-3804100954,Director of Marketing,[Education],8
144,2024-01-18 14:29:31.000000,,"[São Paulo, SP, Brazil, Mexico City, Mexico]",https://cdn.filestackcontent.com/vJVcOPluSjeFw3GkmDJc,telnyx,https://boards.greenhouse.io/telnyx54/jobs/5858661003,Marketing Manager - LATAM,"[Hardware, Information Technology, Internet Services, Software, Telecommunication]",8
145,2024-01-18 14:29:30.000000,,"[Tokyo, Japan, Singapore]",https://cdn.filestackcontent.com/vJVcOPluSjeFw3GkmDJc,telnyx,https://boards.greenhouse.io/telnyx54/jobs/5858654003,Marketing Manager - APAC,"[Hardware, Information Technology, Internet Services, Software, Telecommunication]",8
146,2024-01-18 13:33:22.000000,,"[Paris, France]",https://cdn.filestackcontent.com/GtZSbzlqREm7Y8Bu9Xia,illuminem,https://fr.linkedin.com/jobs/view/head-of-media-at-illuminem-3769545365,Head of Media,"[Content and Publishing, Energy, Information Technology, Media, Sustainability]",8
147,2024-01-18 11:51:19.000000,,"[San Francisco, CA, USA]",https://cdn.filestackcontent.com/3GP5S5QISpyy0N7Xmqs3,Gather Flora,https://www.linkedin.com/jobs/view/marketing-manager-at-gather-flora-3804115181,Marketing Manager,"[Agriculture and Farming, Commerce and Shopping, Consumer Products, Internet Services, Transportation]",8
148,2024-01-17 17:59:43.000000,,[United States],https://cdn.filestackcontent.com/ztvno5GTuCECUSmw7vEs,Outreach,https://jobs.lever.co/outreach/6be63968-49bf-4a64-9e85-ec0faa05d2df,Director of Content Marketing,"[Data and Analytics, DeepTech, Information Technology, Sales and Marketing, Software]",8
149,2024-01-17 14:45:22.000000,,"[Berlin, Germany]",https://cdn.filestackcontent.com/qcZxHREZR0O7WGIAO6xQ,Ninox,https://ninox-software-gmbh.jobs.personio.de/job/1391143?language=en,Social Media & Community Manager - Berlin (m/f/d),"[Information Technology, Software]",8
150,2024-01-17 13:33:19.000000,,[Remote],https://cdn.filestackcontent.com/0NbogT7NRqS9Gwu2qZST,Acclinate,https://jobs.gusto.com/postings/acclinate-inc-email-marketing-specialist-04de8b9a-db00-4704-a269-2d17226304c3,Email Marketing Specialist,"[Biotechnology, DeepTech, Health]",8
151,2024-01-17 07:02:22.000000,,"[San Francisco, CA, USA]",https://cdn.filestackcontent.com/DEUi6brETHeYo4hfoJOl,ZAMA Health,https://www.simplyhired.com/job/3tiM2gg7-UKbFwYj5G-kiZTvYpL1rZCZLn29h2qJ3z3ZoTonzjTFXA#?job=1,Brand Ambassador,"[Food, Health, Sports]",8
152,2024-01-16 17:07:18.000000,,[Remote],https://cdn.filestackcontent.com/SMCyJvOOR9apvndT4uKa,Cangrade,https://jobs.techstars.com/companies/cangrade/jobs/33223046-growth-marketing-manager,Growth Marketing Manager,"[Administrative Services, Data and Analytics, DeepTech, HR and Recruiting, Professional Services, Software]",8
153,2024-01-15 18:34:36.000000,,"[Bengaluru, Karnataka, India]",https://cdn.filestackcontent.com/UUJpFTfQwy8flEUY165l,Saara,https://in.linkedin.com/jobs/view/saara-inc-manager-affiliate-amp-community-marketing-at-saara-3805353358,Saara Inc - Manager - Affiliate & Community Marketing,"[Commerce and Shopping, Data and Analytics, DeepTech, Hardware, Information Technology, Software, Transportation]",8
154,2024-01-15 11:51:02.000000,,[United States],https://cdn.filestackcontent.com/wra3PNKSQuI13OJqWx6h,Sirius Education,https://www.linkedin.com/jobs/view/marketing-director-at-sirius-education-solutions-3801186431,Marketing Director,[Education],8
155,2024-01-18 17:30:03.000000,,"[New York Metropolitan Area, USA]",https://cdn.filestackcontent.com/EtydZCKGRwK40XbVB1ZG,CONCONNECT,https://www.linkedin.com/jobs/view/vice-president-operations-at-untapped-solutions-formerly-conconnect-3807758077,Vice President Operations,"[Administrative Services, HR and Recruiting]",9
156,2024-01-18 15:28:59.000000,,[Brazil],https://cdn.filestackcontent.com/ORDJoUTQRmhFKiAFZpPJ,Voyager Portal,https://br.linkedin.com/jobs/view/revenue-operations-intern-at-voyager-portal-3805480208,Revenue Operations Intern,"[Information Technology, Software, Transportation]",9
157,2024-01-17 17:44:51.000000,,[Remote],https://cdn.filestackcontent.com/h6KWf6MwSTCacpu3cDgi,Kard,https://boards.greenhouse.io/kardfinancialinc/jobs/4358852005,People Ops Manager,"[Advertising, Finance, Sales and Marketing]",11
158,2024-01-17 14:53:49.000000,,"[Barcelona, Spain]",https://cdn.filestackcontent.com/poWVRYtCRdiVkflQfKKg,Preply,https://boards.greenhouse.io/preply/jobs/5860168003,Brand Strategy Operations Specialist,"[Education, Software]",9
159,2024-01-15 18:45:35.000000,,"[Lisbon, Portugal]",https://cdn.filestackcontent.com/4wnQ8aPyThW6hgR6LtaM,Habit,https://www.habit.io/jobs/project-manager-officer,Project Manager Officer,"[Data and Analytics, DeepTech, Design, Finance, Information Technology, Software]",9
160,2024-01-14 16:45:14.000000,,"[United States, California, USA, Remote]",https://cdn.filestackcontent.com/Gex7E92wTBuZIEZISeFg,Making Space,https://recruiting2.ultipro.com/PEN1022PEKM/JobBoard/6cd1a145-2e14-475a-b78b-4dc9e0c93dae/OpportunityDetail?opportunityId=bd23c3cb-15b6-4f62-bf8b-fcd542952963,PMC: Sales Operations Specialist (Remote),[],14
161,2024-01-14 16:45:10.000000,,"[New York, NY, USA]",https://cdn.filestackcontent.com/Gex7E92wTBuZIEZISeFg,Making Space,https://recruiting2.ultipro.com/PEN1022PEKM/JobBoard/6cd1a145-2e14-475a-b78b-4dc9e0c93dae/OpportunityDetail?opportunityId=9fa80f91-c9b4-400a-a117-a08336fc38f6,"PMC: Manager, International Brand and Partnership Operations",[],14
162,2024-01-14 10:01:32.000000,,[United States],https://cdn.filestackcontent.com/ztvno5GTuCECUSmw7vEs,Outreach,https://jobs.lever.co/outreach/6ce08c62-4157-4984-9cf4-abebf648878a,Sales Operations Manager,"[Data and Analytics, DeepTech, Information Technology, Sales and Marketing, Software]",14
163,2024-01-12 16:12:32.000000,,"[Berkeley, CA, USA]",https://cdn.filestackcontent.com/9NawgbL2R1e1XL4nLVSD,Twelve Benefit,https://boards.greenhouse.io/twelve/jobs/5045249004,Operations Technician - Electrochemical Testing,"[DeepTech, Energy, Manufacturing, Sustainability]",10
164,2024-01-12 14:47:36.000000,,"[Detroit, MI, USA]",https://cdn.filestackcontent.com/yPowMGelSdCrJEsK6JMq,Airspace Link,https://recruiting.paylocity.com/Recruiting/Jobs/Details/2166312,"Project Manager, GIS","[Data and Analytics, DeepTech, Government and Military, Hardware, Software, Transportation]",9
165,2024-01-12 14:03:40.000000,,"[Des Moines, IA, USA]",https://cdn.filestackcontent.com/9goKmH3Rq6ItIR0TUp0B,OpenLoop,https://recruiting.paylocity.com/Recruiting/Jobs/Details/2171424,Program Manager,"[Administrative Services, Health, HR and Recruiting]",9
166,2024-01-12 10:40:48.000000,,"[Brussels, Belgium]",https://cdn.filestackcontent.com/ZtJfKhlaS7OKqlNrmKBI,Oper Credits,https://join.com/companies/oper/10289662-growth-operations-associate-sales-and-marketing,Growth Operations Associate - Sales and Marketing,"[Finance, Lending and Investments, Software]",8
167,2024-01-11 12:14:48.000000,,"[New York, NY, USA]",https://cdn.filestackcontent.com/nHrjBv4TniVyCPfBMaHH,Narmi,https://jobs.lever.co/narmi/8ef8af19-f89e-4dd5-a8bb-fefb3d794a97,People Operations Associate,"[Finance, Lending and Investments]",11
168,2024-01-11 12:14:47.000000,,"[New York, NY, USA]",https://cdn.filestackcontent.com/nHrjBv4TniVyCPfBMaHH,Narmi,https://jobs.lever.co/narmi/bdd8e628-c33d-4167-8b0d-967bdbac50ed,General Manager II,"[Finance, Lending and Investments]",9
169,2024-01-11 12:14:46.000000,,"[New York, NY, USA]",https://cdn.filestackcontent.com/nHrjBv4TniVyCPfBMaHH,Narmi,https://jobs.lever.co/narmi/2570fcf4-4885-426c-ab44-18ff37d7d6dd,Associate General Manager,"[Finance, Lending and Investments]",9
170,2024-01-11 04:01:34.000000,,"[Denver, CO, USA]",https://cdn.filestackcontent.com/xfZEPQJRj6HNJKv0pfj5,AGTools,https://www.indeed.com/viewjob?jk=23eabbca1244592e,Cloud Service Operations Engineer,[Agriculture and Farming],9
171,2024-01-10 11:31:13.000000,,[Ghana],https://cdn.filestackcontent.com/4Q0QpnmSnKUE5OxfOgjT,Zipline,https://boards.greenhouse.io/flyzipline/jobs/4114491003,Fulfillment Operations Professional,"[Administrative Services, Consumer Products, DeepTech, Hardware, Health, Software, Transportation]",9
172,2024-01-10 09:44:35.000000,,[United States],https://cdn.filestackcontent.com/ztvno5GTuCECUSmw7vEs,Outreach,https://jobs.lever.co/outreach/ea21b9e5-f3d2-40c9-a396-19f9ac0b40f7,Senior Sales Operations Manager,"[Data and Analytics, DeepTech, Information Technology, Sales and Marketing, Software]",14
173,2024-01-09 20:07:47.000000,,"[Lagos, Nigeria]",https://cdn.filestackcontent.com/XduL4GCYQv2gu8DSP7fu,Farmz2U,https://ng.linkedin.com/jobs/view/sales-operations-intern-at-farmz2u-3801065819,Sales Operations Intern,[Agriculture and Farming],14
174,2024-01-19 13:25:55.000000,,"[Bengaluru, Karnataka, India]",https://cdn.filepicker.io/api/file/yO0YY1nURba4adDvjqAj,Pixxel,https://pixxel.bamboohr.com/careers/157,Quality Assurance Engineer - Electrical,"[Data and Analytics, DeepTech, Hardware, Information Technology, Transportation]",10
175,2024-01-16 14:21:57.000000,,"[Ann Arbor, MI, USA]","https://cdn.filestackcontent.com/output=f:webp,t:true,q:80,c:true/cache=expiry:max/resize=w:340/z0nRtViBR7is8kN9J2BJ",SkySpecs,https://skyspecs.breezy.hr/p/ab0454113290-senior-iot-infrastructure-specialist,Senior IoT Infrastructure Specialist,"[Data and Analytics, DeepTech, Energy, Finance, Hardware, Software, Sustainability]",10
176,2024-01-11 19:09:54.000000,,"[Boston, MA, USA]",https://cdn.filestackcontent.com/pIDsiokRDagyzQF0vTUa,Bevi,https://apply.workable.com/bevicareers/j/0C436AFEF4,"Senior Mechanical Engineer, Product Development","[Food, Hardware, Internet Services, Sustainability]",10
177,2024-01-11 14:07:17.000000,,"[New York, NY, USA]",https://cdn.filestackcontent.com/G9R2OZNlRHCZkFToLE8E,Belong Anywhere Ltd,https://boards.greenhouse.io/bubble/jobs/7090268002,"Engineering Manager, Growth","[Administrative Services, HR and Recruiting, Information Technology, Internet Services, Software]",10
178,2024-01-11 04:03:21.000000,,"[Remote, Africa]",https://cdn.filestackcontent.com/cW8TJGiThCFKJCEqzFUE,SolarFi,https://docs.google.com/forms/d/e/1FAIpQLSeJ_2XkXaRebtMc_EySDZy7oKbM6N8rKO-za6J2cg_scZ4R_w/viewform?job=5,Solar/Electrical Engineering Intern,"[Energy, Sustainability, Telecommunication]",10
179,2024-01-10 13:19:19.000000,,"[India, Pakistan]",https://cdn.filestackcontent.com/vJVcOPluSjeFw3GkmDJc,telnyx,https://boards.greenhouse.io/telnyx54/jobs/5850697003,Senior Infrastructure Engineer (Openstack),"[Hardware, Information Technology, Internet Services, Software, Telecommunication]",10
180,2024-01-10 13:19:17.000000,,[Slovakia],https://cdn.filestackcontent.com/vJVcOPluSjeFw3GkmDJc,telnyx,https://boards.greenhouse.io/telnyx54/jobs/5850695003,Senior Infrastructure Engineer (Data),"[Hardware, Information Technology, Internet Services, Software, Telecommunication]",10
181,2024-01-09 13:12:57.000000,,"[Toronto, ON, Canada]",https://cdn.filestackcontent.com/oIM4jd16SMiQfxdcnLP7,Mosaic Manufacturing,https://wellfound.com/company/mosaicmfg/jobs/2886966-hardware-reliability-and-test-engineer,Hardware Reliability and Test Engineer,"[Content and Publishing, Design, Manufacturing]",10
182,2024-01-03 11:56:01.000000,,"[Bengaluru, Karnataka, India]",https://cdn.filepicker.io/api/file/yO0YY1nURba4adDvjqAj,Pixxel,https://pixxel.bamboohr.com/careers/154,Optomechanical Engineer,"[Data and Analytics, DeepTech, Hardware, Information Technology, Transportation]",10
183,2023-12-27 15:44:46.000000,,"[Delhi, India, Gurugram, Haryana, India, Gurgaon, Haryana, India]",https://cdn.filestackcontent.com/0gLUag6eT1ecxOqedYu8,Peer Robotics,https://wellfound.com/company/peer-robotics/jobs/2882711-electrical-systems-engineer,Electrical Systems Engineer,"[DeepTech, Hardware, Manufacturing, Software, Transportation]",15
184,2023-12-23 14:58:12.000000,,"[Poonamallee, Chennai, Tamil Nadu, India]",null,Boson Motors,https://in.linkedin.com/jobs/view/electrical-engineer-ssu-at-boson-motors-india-3791436178,Electrical Engineer SSU,"[Agriculture and Farming, DeepTech, Hardware, Manufacturing, Transportation]",10
185,2023-12-23 10:14:38.000000,,"[Berkeley, CA, USA]",https://cdn.filestackcontent.com/9NawgbL2R1e1XL4nLVSD,Twelve Benefit,https://boards.greenhouse.io/twelve/jobs/5038752004,"Technical Program Manager, Innovation & Hardware Development","[DeepTech, Energy, Manufacturing, Sustainability]",10
186,2023-12-21 16:21:30.000000,,"[San Francisco, CA, USA, Remote, New York, NY, USA]",https://cdn.filestackcontent.com/1DnXsNR4S321Ym440Bxj,aVenture,https://jobs.ashbyhq.com/aVenture/43342c39-fc70-4718-9ac9-4cbf9abd9cd4,Founding Engineer,[],10
187,2023-12-21 10:08:01.000000,,"[Nashville, TN, USA]",null,BOS Framework,https://www.bosframework.com/Career/Nashville/cloudSecEng,Cloud Security Engineer,"[Information Technology, Software]",10
188,2023-12-16 13:07:41.000000,,"[Broomfield, CO, USA]",https://cdn.filestackcontent.com/zmHovhOpQLY0ClZUceLs,Atomos Space,https://www.indeed.com/viewjob?jk=4996463d0be0a23c,Summer 2024 Electrical Engineer Intern (in-person),"[DeepTech, Hardware, Software, Transportation]",10
189,2023-12-16 13:07:40.000000,,"[Broomfield, CO, USA]",https://cdn.filestackcontent.com/zmHovhOpQLY0ClZUceLs,Atomos Space,https://www.indeed.com/viewjob?jk=f8f81c4e53b966d3,Summer 2024 Mechanical Engineer Intern (in-person),"[DeepTech, Hardware, Software, Transportation]",10
190,2023-12-15 11:05:14.000000,,"[Paris, France]",https://cdn.filestackcontent.com/F1cBmr50Smmmj1Z1GxjF,Groover,https://www.welcometothejungle.com/en/companies/groover/jobs/engineering-manager-fullstack-python-javascript_paris,Engineering Manager - Fullstack (Python & JavaScript),"[Media, Music]",15
191,2023-12-14 12:48:47.000000,,"[Berlin, Germany]",https://cdn.filestackcontent.com/7a3ngjQKKqp6v233wasw,Cycle,https://cycle.jobs.personio.de/job/1358149?language=en,Hardware Engineer (w/m/d) - Berlin,[Transportation],10
192,2024-01-17 21:32:29.000000,,[United States],https://cdn.filestackcontent.com/iatZutndQ7qsfYxaoGQ9,LawnStarter,https://apply.workable.com/lawnstarter/j/2F87384BBE,Talent Acquisition and People Coordinator,"[Commerce and Shopping, Construction, Internet Services, Real Estate, Sports]",11
193,2024-01-09 19:22:26.000000,,"[Poznań, Poland]",https://cdn.filestackcontent.com/7a3ngjQKKqp6v233wasw,Cycle,https://cycle.jobs.personio.de/job/1381619?language=en,Recruiter with German (m/w/d) in Poland - Remote,[Transportation],11
194,2024-01-08 08:05:44.000000,,"[Ekiti, Nigeria]",https://cdn.filestackcontent.com/3VMcKAdFSIaqymHP60YT,Metro Africa Xpress,https://apply.workable.com/max-drive-1/j/2AC400FD4A,Facility/Administative Supervisor,"[Administrative Services, Transportation]",11
195,2024-01-08 08:05:40.000000,,"[Osogbo, Nigeria]",https://cdn.filestackcontent.com/3VMcKAdFSIaqymHP60YT,Metro Africa Xpress,https://apply.workable.com/max-drive-1/j/065A7C8C14,Facility/Administrative Supervisor,"[Administrative Services, Transportation]",11
196,2024-01-08 08:05:11.000000,,"[Lagos, Nigeria]",https://cdn.filestackcontent.com/3VMcKAdFSIaqymHP60YT,Metro Africa Xpress,https://apply.workable.com/max-drive-1/j/9A7A7251C2,Human Resources Business Partner (HRBP),"[Administrative Services, Transportation]",11
197,2024-01-08 08:05:07.000000,,"[Ibadan, Nigeria]",https://cdn.filestackcontent.com/3VMcKAdFSIaqymHP60YT,Metro Africa Xpress,https://apply.workable.com/max-drive-1/j/4F49F611F4,Learning and Development Supervisor - Ibadan,"[Administrative Services, Transportation]",11
198,2024-01-06 10:59:27.000000,,"[Curitiba, PR, Brazil]",https://cdn.filestackcontent.com/kfpGsZcfRxm8V3gfoXKD,Roost,https://br.linkedin.com/jobs/view/banco-de-talentos-at-roost-3798809460,Banco de Talentos,[],11
199,2024-01-06 10:59:26.000000,,"[Brasilia - Federal District, Brazil]",https://cdn.filestackcontent.com/kfpGsZcfRxm8V3gfoXKD,Roost,https://br.linkedin.com/jobs/view/banco-de-talentos-afirmativo-diversidade-at-roost-3798805614,Banco de Talentos Afirmativo | Diversidade,[],11
200,2024-01-06 10:59:26.000000,,"[são paulo, state of são paulo, brazil]",https://cdn.filestackcontent.com/kfpGsZcfRxm8V3gfoXKD,Roost,https://br.linkedin.com/jobs/view/banco-de-talentos-afirmativo-diversidade-at-roost-3798808419,Banco de Talentos Afirmativo | Diversidade,[],11
201,2024-01-06 10:59:26.000000,,"[Curitiba, PR, Brazil]",https://cdn.filestackcontent.com/kfpGsZcfRxm8V3gfoXKD,Roost,https://br.linkedin.com/jobs/view/banco-de-talentos-afirmativo-diversidade-at-roost-3798803673,Banco de Talentos Afirmativo | Diversidade,[],11
202,2024-01-05 21:13:10.000000,,"[Denver, CO, USA]",https://cdn.filestackcontent.com/xvvYpCRMeUe0X1GhPL1Q,soona,https://apply.workable.com/soona/j/D4CD496709,director of people - Denver,"[Advertising, Commerce and Shopping, Content and Publishing, Media, Sales and Marketing]",11
203,2024-01-05 15:11:12.000000,,"[Paris, France]",https://cdn.filestackcontent.com/Io6SvbCeRzu80KY2I4mJ,Gorgias,https://jobs.ashbyhq.com/gorgias/f50c3c33-640b-4212-964c-84d52b880a3f,People Ops Generalist,"[Administrative Services, Commerce and Shopping, Consumer Products, Hardware, Information Technology, Professional Services, Software]",11
204,2024-01-05 11:29:19.000000,,"[Berlin, Germany, Ulm, Germany, Berlin, MD, USA, Hof, Germany, Tegel, Berlin, Germany]",https://cdn.filestackcontent.com/duXdDJPIQyeO61zSgbfd,KptnCook,https://kptncook-jobs.kenjo.io/praktikum-people-operations-and-office-management-138113,People & Operations Praktikum (w/m/d),"[Advertising, Commerce and Shopping, Health, Mobile, Platforms, and Apps]",11
205,2023-12-29 11:05:26.000000,,"[New York, NY, USA]",https://cdn.filestackcontent.com/xZ61NVPQbi6X7hVxmi3D,Alloy,https://boards.greenhouse.io/alloy/jobs/7076920002,"Senior Talent Partner, Go to Market","[Finance, Information Technology, Legal, Professional Services, Security, Software]",11
206,2023-12-28 12:10:17.000000,,"[monett, mo, usa]",https://cdn.filestackcontent.com/0YNmtY9TMuTcVxnyiGS7,Playpower Labs,https://www.indeed.com/viewjob?jk=09eb28e80ad488aa,Human Resources Generalist,"[Consumer Products, Education, Hardware]",11
207,2023-12-28 11:35:56.000000,,"[Buda, TX, USA]",https://cdn.filepicker.io/api/file/mD2DzvdbRoKWPcR8hYgC,Smallhold,https://boards.greenhouse.io/smallhold/jobs/5046645004,Production Supervisor,"[Agriculture and Farming, Food]",11
208,2024-01-18 16:13:29.000000,,"[Cairo, Cairo Governorate, Egypt]",https://cdn.filestackcontent.com/cjEldCaTJ6t3rTsxEB8A,Glamera,https://eg.linkedin.com/jobs/view/product-owner-at-glamera-3803666063,Product Owner,"[Consumer Products, Software, Sports]",12
209,2024-01-18 12:26:20.000000,,"[San Francisco, CA, USA]",https://cdn.filestackcontent.com/6P8pK0T3SiasrV1wHluN,Axiom AI,https://jobs.ashbyhq.com/ycombinator/00c6950f-341f-4924-a456-ea32c9d5601d,"Product Engineer, Bookface","[Data and Analytics, DeepTech, Information Technology, Software]",12
210,2024-01-14 16:45:17.000000,,"[New York, NY, USA]",https://cdn.filestackcontent.com/Gex7E92wTBuZIEZISeFg,Making Space,https://recruiting2.ultipro.com/PEN1022PEKM/JobBoard/6cd1a145-2e14-475a-b78b-4dc9e0c93dae/OpportunityDetail?opportunityId=91fc1c27-1d80-4626-93b8-5923a75348d5,"PMC: Vice President, Product Licensing",[],12
211,2024-01-14 10:01:34.000000,,[United States],https://cdn.filestackcontent.com/ztvno5GTuCECUSmw7vEs,Outreach,https://jobs.lever.co/outreach/369a5701-c73a-470e-bbb8-13ded8ac6803,Senior Product Marketing Manager,"[Data and Analytics, DeepTech, Information Technology, Sales and Marketing, Software]",8
212,2024-01-14 10:01:31.000000,,"[Mexico City, Mexico]",https://cdn.filestackcontent.com/ztvno5GTuCECUSmw7vEs,Outreach,https://jobs.lever.co/outreach/65ceba88-2400-4222-9de4-8dee87410a01,Product Marketing Manager,"[Data and Analytics, DeepTech, Information Technology, Sales and Marketing, Software]",8
213,2024-01-14 10:01:30.000000,,"[Prague, Czechia]",https://cdn.filestackcontent.com/ztvno5GTuCECUSmw7vEs,Outreach,https://jobs.lever.co/outreach/51c9cb56-462e-4d75-84d9-5e3b49ff1ee1,Product Marketing Manager,"[Data and Analytics, DeepTech, Information Technology, Sales and Marketing, Software]",8
214,2024-01-12 09:20:28.000000,,[Remote],https://cdn.filestackcontent.com/YsJBzzoNRfKRMjRD7Hak,HData,https://www.hdata.us/jd-product-owner,Product Owner,"[Data and Analytics, Energy, Information Technology, Professional Services]",12
215,2024-01-11 13:19:29.000000,,"[United States, Remote]",https://cdn.filestackcontent.com/R0Iv6QK2TzWPASPjYXEn,Bluecore,https://boards.greenhouse.io/bluecoreinc/jobs/5055014004,Product Support Specialist,"[Advertising, Commerce and Shopping, Data and Analytics, DeepTech, Sales and Marketing, Software]",12
216,2024-01-09 18:47:25.000000,,"[Bengaluru, Karnataka, India]",https://cdn.filestackcontent.com/ipUFhRkqR62hI3qgFn0y,Discover Dollar,https://in.linkedin.com/jobs/view/scrum-management-intern-at-discover-dollar-inc-3801234625,Scrum Management Intern,"[Data and Analytics, Finance, Software]",12
217,2024-01-09 17:53:58.000000,,[Nigeria],https://cdn.filestackcontent.com/w8OmphTsRC83uTF9RyD1,Salad,https://www.myjobmag.com/job/product-manager-salad-africa-techstars-23,Product Manager at Salad Africa (Techstars 22),"[Community and Lifestyle, Finance, Health]",12
218,2024-01-09 16:33:33.000000,,"[United States, Remote]",https://cdn.filestackcontent.com/NMfF8GRNQNuRx677lE3k,Branch,https://boards.greenhouse.io/branch/jobs/5852857003,Product Designer,"[Finance, Lending and Investments]",12
219,2024-01-19 15:16:31.000000,,[Remote],https://cdn.filestackcontent.com/Av6T34Z1Ry4O2hXvIlK6,Testlio,https://testlio.com/job/freelance-stream-japan/,"Freelance Software Tester (Streaming Project, Japan)","[Data and Analytics, Information Technology, Mobile, Platforms, and Apps, Software]",13
220,2024-01-19 15:16:31.000000,,[Earth],https://cdn.filestackcontent.com/Av6T34Z1Ry4O2hXvIlK6,Testlio,https://testlio.com/job/freelance-qe-playwright/,Software Quality Engineer (Playwright-focused),"[Data and Analytics, Information Technology, Mobile, Platforms, and Apps, Software]",13
221,2024-01-18 16:13:31.000000,,"[Cairo, Cairo Governorate, Egypt]",https://cdn.filestackcontent.com/cjEldCaTJ6t3rTsxEB8A,Glamera,https://eg.linkedin.com/jobs/view/seniot-software-tester-at-glamera-3808226663,Seniot Software Tester,"[Consumer Products, Software, Sports]",13
222,2024-01-16 15:00:27.000000,,"[Toronto, ON, Canada]",https://cdn.filestackcontent.com/2BS8FgsfRvSJ5Fu9d5m7,Kepler Communications,https://jobs.lever.co/kepler/be72d8d7-2534-4688-bccd-64ef9cf97295,Quality Inspector,"[Hardware, Telecommunication]",13
223,2024-01-15 18:45:36.000000,,"[Lisbon, Portugal]",https://cdn.filestackcontent.com/4wnQ8aPyThW6hgR6LtaM,Habit,https://www.habit.io/jobs/quality-assurance-tester,Quality Assurance Tester,"[Data and Analytics, DeepTech, Design, Finance, Information Technology, Software]",15
224,2024-01-13 14:36:29.000000,,"[monett, mo, usa]",https://cdn.filestackcontent.com/0YNmtY9TMuTcVxnyiGS7,Playpower Labs,https://www.indeed.com/viewjob?jk=764d60fbdad1b77b,Quality Receiving Inspector,"[Consumer Products, Education, Hardware]",13
225,2024-01-13 10:10:26.000000,,"[Alameda, CA, USA]",https://cdn.filestackcontent.com/9NawgbL2R1e1XL4nLVSD,Twelve Benefit,https://boards.greenhouse.io/twelve/jobs/5051391004,Supplier Quality Engineer,"[DeepTech, Energy, Manufacturing, Sustainability]",13
226,2024-01-12 09:52:03.000000,,[],https://cdn.filestackcontent.com/v7ZPsNqHT8aTe1RNSy4J,SafeFlight,https://safeflight.hireclick.com/jb/qa-inspector-technician/view/87455#title,QA Inspector Technician,"[Government and Military, Software]",13
227,2024-01-12 08:14:24.000000,,[],"https://cdn.filestackcontent.com/output=f:webp,t:true,q:80,c:true/cache=expiry:max/resize=w:340/aVTXqExdS8mYdMxJ3nzg",PierSight Space,https://piersight.zohorecruit.in/jobs/Careers/92356000000406009/Assembly-Integration-Test-Engineer?source=CareerSite,Assembly Integration & Test Engineer,"[Information Technology, Software, Transportation]",13
228,2024-01-11 09:36:32.000000,,[Remote],https://cdn.filestackcontent.com/ZtJfKhlaS7OKqlNrmKBI,Oper Credits,https://join.com/companies/oper/10282505-qa-engineering-lead,QA Engineering Lead,"[Finance, Lending and Investments, Software]",13
229,2024-01-08 08:04:56.000000,,"[Osogbo, Nigeria]",https://cdn.filestackcontent.com/3VMcKAdFSIaqymHP60YT,Metro Africa Xpress,https://apply.workable.com/max-drive-1/j/23BCE6F447,Fleet Officer Quality Control,"[Administrative Services, Transportation]",13
230,2024-01-08 08:04:54.000000,,"[Ibadan, Nigeria]",https://cdn.filestackcontent.com/3VMcKAdFSIaqymHP60YT,Metro Africa Xpress,https://apply.workable.com/max-drive-1/j/5E7E9F20DB,Fleet Officer Quality Assurance,"[Administrative Services, Transportation]",13
231,2024-01-06 11:25:53.000000,,[Remote],https://cdn.filestackcontent.com/Av6T34Z1Ry4O2hXvIlK6,Testlio,https://testlio.com/job/software-quality-engineer-playwright/,Software Quality Engineer (Playwright),"[Data and Analytics, Information Technology, Mobile, Platforms, and Apps, Software]",13
232,2024-01-05 15:17:16.000000,,[Remote],https://cdn.filestackcontent.com/Av6T34Z1Ry4O2hXvIlK6,Testlio,https://testlio.com/job/senior-software-quality-engineer-android/,Senior Software Quality Engineer (Android),"[Data and Analytics, Information Technology, Mobile, Platforms, and Apps, Software]",15
233,2024-01-04 16:01:33.000000,,[Remote],https://cdn.filestackcontent.com/Av6T34Z1Ry4O2hXvIlK6,Testlio,https://testlio.com/job/qe-media-android-jan/,Software Quality Engineer (Android),"[Data and Analytics, Information Technology, Mobile, Platforms, and Apps, Software]",15
234,2024-01-04 16:01:32.000000,,[Remote],https://cdn.filestackcontent.com/Av6T34Z1Ry4O2hXvIlK6,Testlio,https://testlio.com/job/qe-media-ios-jan/,Software Quality Engineer (iOS),"[Data and Analytics, Information Technology, Mobile, Platforms, and Apps, Software]",15
235,2024-01-04 11:11:55.000000,,"[Toronto, ON, Canada]",https://cdn.filestackcontent.com/HJKh3ITwQYaSQIaStlNG,Velocia,https://jobs.lever.co/blanc-labs/60fc4104-6995-44ed-aa23-61bf9562d11d,QA Automation Lead,"[Internet Services, Transportation]",13
236,2024-01-19 16:50:47.000000,,"[Austin, TX, USA]",https://cdn.filestackcontent.com/JYXXJkFCQQm6sfS6e6X1,Self,https://boards.greenhouse.io/selffinancial/jobs/5061882004,Risk Management & Bank Partnership Director,"[Finance, Internet Services, Lending and Investments]",14
237,2024-01-19 16:06:30.000000,,"[Charlotte, NC, USA]",https://cdn.filestackcontent.com/PAUk2xpaS2Gcjwuo0bSC,Skiptown,https://skipper.breezy.hr/p/263d28f3c4b8-regional-sales-manager,Regional Sales Manager,"[Administrative Services, Community and Lifestyle, Health]",14
238,2024-01-19 15:37:55.000000,,"[monett, mo, usa]",https://cdn.filestackcontent.com/0YNmtY9TMuTcVxnyiGS7,Playpower Labs,https://www.indeed.com/viewjob?jk=94e7c2c03ef3208f,Sales Service Associate,"[Consumer Products, Education, Hardware]",14
239,2024-01-19 14:39:02.000000,,[United States],"https://cdn.filestackcontent.com/output=f:webp,t:true,q:80,c:true/cache=expiry:max/resize=w:340/z0nRtViBR7is8kN9J2BJ",SkySpecs,https://skyspecs.breezy.hr/p/662a365a7d7a-wind-industry-sales-specialist-vibration-cms,"Wind Industry Sales Specialist, Vibration CMS","[Data and Analytics, DeepTech, Energy, Finance, Hardware, Software, Sustainability]",14
240,2024-01-19 13:42:18.000000,,"[Canada, Remote]",https://cdn.filestackcontent.com/wJ26vz8TOmtnzbYbEiyu,Bench,https://boards.greenhouse.io/bench/jobs/5630161,Strategic Partnerships Manager,"[Finance, Professional Services]",14
241,2024-01-19 13:42:17.000000,,"[Canada, Remote]",https://cdn.filestackcontent.com/wJ26vz8TOmtnzbYbEiyu,Bench,https://boards.greenhouse.io/bench/jobs/5629511,Partnerships Launch Manager,"[Finance, Professional Services]",14
242,2024-01-19 12:59:27.000000,,"[Reston, VA, USA]",https://cdn.filepicker.io/api/file/9kc2utPKTiSh38L03CJI,SCOUT,https://scout.breezy.hr/p/f041c13feb3c-vp-of-business-development,VP of Business Development,"[Data and Analytics, DeepTech, Government and Military, Hardware, Internet Services, Software, Transportation]",14
243,2024-01-18 19:57:31.000000,,"[Austin, TX, USA]",https://cdn.filestackcontent.com/piFRIxiSqakECxinhYAt,Wolf,https://www.linkedin.com/jobs/view/senior-sales-manager-b2b-saas-at-wolf-xyz-3809564794,Senior Sales Manager B2B SaaS,[],14
244,2024-01-18 16:59:19.000000,,"[Barcelona, Spain]",https://cdn.filestackcontent.com/poWVRYtCRdiVkflQfKKg,Preply,https://boards.greenhouse.io/preply/jobs/5861945003,SMB Account Executive (Italy),"[Education, Software]",14
245,2024-01-18 16:29:59.000000,,[Dubai - United Arab Emirates],https://cdn.filestackcontent.com/Zq1EuSHdTXWyjWix4JPn,Huntr,https://ae.linkedin.com/jobs/view/business-development-manager-at-huntr-techstars-%E2%80%9922-3804182877,Business Development Manager,"[Administrative Services, HR and Recruiting, Professional Services]",14
246,2024-01-18 16:13:30.000000,,"[Cairo, Cairo Governorate, Egypt]",https://cdn.filestackcontent.com/cjEldCaTJ6t3rTsxEB8A,Glamera,https://eg.linkedin.com/jobs/view/software-sales-executive-at-glamera-3806308638,Software Sales Executive,"[Consumer Products, Software, Sports]",14
247,2024-01-18 16:13:30.000000,,"[Cairo, Cairo Governorate, Egypt]",https://cdn.filestackcontent.com/cjEldCaTJ6t3rTsxEB8A,Glamera,https://eg.linkedin.com/jobs/view/software-sales-executive-at-glamera-3806669475,Software Sales Executive,"[Consumer Products, Software, Sports]",14
248,2024-01-18 13:26:41.000000,,"[Ho Chi Minh City, Vietnam]",https://cdn.filestackcontent.com/IkiQxaAfRnuSghmpBkY8,Equo,https://vn.linkedin.com/jobs/view/b2b-sales-manager-at-equo-co-3803632337,B2B SALES MANAGER,"[Commerce and Shopping, Community and Lifestyle, Consumer Products]",14
249,2024-01-18 13:07:08.000000,,"[Bengaluru, Karnataka, India]",https://cdn.filestackcontent.com/UUJpFTfQwy8flEUY165l,Saara,https://in.linkedin.com/jobs/view/saas-sales-manager-at-saara-3804529463,SaaS Sales Manager,"[Commerce and Shopping, Data and Analytics, DeepTech, Hardware, Information Technology, Software, Transportation]",14
250,2024-01-18 12:58:56.000000,,"[Beirut, Lebanon]",https://cdn.filestackcontent.com/pGmLHPTTOkpLvSRStybg,AlGooru,https://lb.linkedin.com/jobs/view/head-of-growth-at-algooru-%D8%A7%D9%84%D9%82%D9%88%D8%B1%D9%88-3806879056,Head of Growth,"[Education, Software]",14
251,2024-01-18 12:58:54.000000,,[Riyadh Saudi Arabia],https://cdn.filestackcontent.com/pGmLHPTTOkpLvSRStybg,AlGooru,https://sa.linkedin.com/jobs/view/head-of-growth-at-algooru-%D8%A7%D9%84%D9%82%D9%88%D8%B1%D9%88-3806873938,Head of Growth,"[Education, Software]",14
252,2024-01-18 12:58:52.000000,,"[Jeddah Saudi Arabia, Mecca Saudi Arabia]",https://cdn.filestackcontent.com/pGmLHPTTOkpLvSRStybg,AlGooru,https://sa.linkedin.com/jobs/view/head-of-growth-at-algooru-%D8%A7%D9%84%D9%82%D9%88%D8%B1%D9%88-3806878097,Head of Growth,"[Education, Software]",14
253,2024-01-18 12:58:50.000000,,"[Amman, Jordan]",https://cdn.filestackcontent.com/pGmLHPTTOkpLvSRStybg,AlGooru,https://jo.linkedin.com/jobs/view/head-of-growth-at-algooru-%D8%A7%D9%84%D9%82%D9%88%D8%B1%D9%88-3806873937,Head of Growth,"[Education, Software]",14
